Price,Open,Close
Ticker,^VIX,^VIX
Date,,
2020-05-18,30.709999084472656,29.299999237060547
2020-05-19,28.729999542236328,30.530000686645508
2020-05-20,29.520000457763672,27.989999771118164
2020-05-21,28.969999313354492,29.530000686645508
2020-05-22,31.360000610351562,28.15999984741211
2020-05-26,27.719999313354492,28.010000228881836
2020-05-27,27.6200008392334,27.6200008392334
2020-05-28,27.81999969482422,28.59000015258789
2020-05-29,29.299999237060547,27.510000228881836
2020-06-01,28.940000534057617,28.229999542236328
2020-06-02,28.399999618530273,26.84000015258789
2020-06-03,26.75,25.65999984741211
2020-06-04,26.229999542236328,25.809999465942383
2020-06-05,24.790000915527344,24.520000457763672
2020-06-08,25.559999465942383,25.809999465942383
2020-06-09,25.93000030517578,27.56999969482422
2020-06-10,26.729999542236328,27.56999969482422
2020-06-11,30.450000762939453,40.790000915527344
2020-06-12,37.68000030517578,36.09000015258789
2020-06-15,44.09000015258789,34.400001525878906
2020-06-16,34.279998779296875,33.66999816894531
2020-06-17,33.279998779296875,33.470001220703125
2020-06-18,33.83000183105469,32.939998626708984
2020-06-19,32.06999969482422,35.119998931884766
2020-06-22,35.220001220703125,31.770000457763672
2020-06-23,31.709999084472656,31.3700008392334
2020-06-24,31.049999237060547,33.84000015258789
2020-06-25,36.59000015258789,32.220001220703125
2020-06-26,33.0099983215332,34.72999954223633
2020-06-29,35.04999923706055,31.780000686645508
2020-06-30,32.540000915527344,30.43000030517578
2020-07-01,30.959999084472656,28.6200008392334
2020-07-02,28.329999923706055,27.68000030517578
2020-07-06,27.760000228881836,27.940000534057617
2020-07-07,28.770000457763672,29.43000030517578
2020-07-08,28.950000762939453,28.079999923706055
2020-07-09,28.18000030517578,29.260000228881836
2020-07-10,30.860000610351562,27.290000915527344
2020-07-13,27.850000381469727,32.189998626708984
2020-07-14,31.139999389648438,29.520000457763672
2020-07-15,29.149999618530273,27.760000228881836
2020-07-16,28.40999984741211,28.0
2020-07-17,27.149999618530273,25.68000030517578
2020-07-20,26.940000534057617,24.459999084472656
2020-07-21,24.079999923706055,24.84000015258789
2020-07-22,24.559999465942383,24.31999969482422
2020-07-23,23.969999313354492,26.079999923706055
2020-07-24,27.959999084472656,25.84000015258789
2020-07-27,26.600000381469727,24.739999771118164
2020-07-28,24.860000610351562,25.440000534057617
2020-07-29,25.15999984741211,24.100000381469727
2020-07-30,25.040000915527344,24.760000228881836
2020-07-31,24.790000915527344,24.459999084472656
2020-08-03,25.75,24.280000686645508
2020-08-04,24.010000228881836,23.760000228881836
2020-08-05,23.440000534057617,22.989999771118164
2020-08-06,23.030000686645508,22.649999618530273
2020-08-07,23.450000762939453,22.209999084472656
2020-08-10,22.8799991607666,22.1299991607666
2020-08-11,21.850000381469727,24.030000686645508
2020-08-12,22.81999969482422,22.280000686645508
2020-08-13,22.200000762939453,22.1299991607666
2020-08-14,22.270000457763672,22.049999237060547
2020-08-17,22.520000457763672,21.350000381469727
2020-08-18,21.690000534057617,21.510000228881836
2020-08-19,21.600000381469727,22.540000915527344
2020-08-20,24.100000381469727,22.719999313354492
2020-08-21,22.579999923706055,22.540000915527344
2020-08-24,22.8700008392334,22.3700008392334
2020-08-25,22.15999984741211,22.030000686645508
2020-08-26,22.139999389648438,23.270000457763672
2020-08-27,23.420000076293945,24.469999313354492
2020-08-28,24.59000015258789,22.959999084472656
2020-08-31,23.90999984741211,26.40999984741211
2020-09-01,25.860000610351562,26.1200008392334
2020-09-02,26.010000228881836,26.56999969482422
2020-09-03,26.280000686645508,33.599998474121094
2020-09-04,34.619998931884766,30.75
2020-09-08,30.610000610351562,31.459999084472656
2020-09-09,31.68000030517578,28.809999465942383
2020-09-10,28.670000076293945,29.709999084472656
2020-09-11,28.6299991607666,26.8700008392334
2020-09-14,25.860000610351562,25.850000381469727
2020-09-15,25.920000076293945,25.59000015258789
2020-09-16,25.309999465942383,26.040000915527344
2020-09-17,28.219999313354492,26.459999084472656
2020-09-18,26.649999618530273,25.829999923706055
2020-09-21,28.040000915527344,27.780000686645508
2020-09-22,28.610000610351562,26.860000610351562
2020-09-23,27.020000457763672,28.579999923706055
2020-09-24,29.540000915527344,28.510000228881836
2020-09-25,28.170000076293945,26.3799991607666
2020-09-28,27.149999618530273,26.190000534057617
2020-09-29,26.809999465942383,26.270000457763672
2020-09-30,26.690000534057617,26.3700008392334
2020-10-01,25.780000686645508,26.700000762939453
2020-10-02,28.8700008392334,27.6299991607666
2020-10-05,29.520000457763672,27.959999084472656
2020-10-06,28.049999237060547,29.479999542236328
2020-10-07,29.260000228881836,28.059999465942383
2020-10-08,27.649999618530273,26.360000610351562
2020-10-09,26.200000762939453,25.0
2020-10-12,25.649999618530273,25.06999969482422
2020-10-13,25.670000076293945,26.06999969482422
2020-10-14,25.719999313354492,26.399999618530273
2020-10-15,27.100000381469727,26.969999313354492
2020-10-16,27.15999984741211,27.40999984741211
2020-10-19,27.360000610351562,29.18000030517578
2020-10-20,28.809999465942383,29.350000381469727
2020-10-21,29.1200008392334,28.649999618530273
2020-10-22,30.100000381469727,28.110000610351562
2020-10-23,28.469999313354492,27.549999237060547
2020-10-26,29.3799991607666,32.459999084472656
2020-10-27,32.040000915527344,33.349998474121094
2020-10-28,34.689998626708984,40.279998779296875
2020-10-29,38.79999923706055,37.59000015258789
2020-10-30,40.810001373291016,38.02000045776367
2020-11-02,38.56999969482422,37.130001068115234
2020-11-03,36.439998626708984,35.54999923706055
2020-11-04,36.790000915527344,29.56999969482422
2020-11-05,27.559999465942383,27.579999923706055
2020-11-06,27.8700008392334,24.860000610351562
2020-11-09,24.799999237060547,25.75
2020-11-10,25.360000610351562,24.799999237060547
2020-11-11,25.010000228881836,23.450000762939453
2020-11-12,24.389999389648438,25.350000381469727
2020-11-13,24.940000534057617,23.100000381469727
2020-11-16,23.65999984741211,22.450000762939453
2020-11-17,22.84000015258789,22.709999084472656
2020-11-18,22.860000610351562,23.84000015258789
2020-11-19,23.6200008392334,23.110000610351562
2020-11-20,23.43000030517578,23.700000762939453
2020-11-23,23.65999984741211,22.65999984741211
2020-11-24,22.040000915527344,21.639999389648438
2020-11-25,21.649999618530273,21.25
2020-11-27,21.520000457763672,20.84000015258789
2020-11-30,22.639999389648438,20.56999969482422
2020-12-01,20.209999084472656,20.770000457763672
2020-12-02,21.0,21.170000076293945
2020-12-03,21.239999771118164,21.280000686645508
2020-12-04,21.049999237060547,20.790000915527344
2020-12-07,22.040000915527344,21.299999237060547
2020-12-08,21.649999618530273,20.68000030517578
2020-12-09,20.65999984741211,22.270000457763672
2020-12-10,22.1200008392334,22.520000457763672
2020-12-11,22.489999771118164,23.309999465942383
2020-12-14,22.670000076293945,24.719999313354492
2020-12-15,24.0,22.889999389648438
2020-12-16,22.510000228881836,22.5
2020-12-17,21.979999542236328,21.93000030517578
2020-12-18,22.149999618530273,21.56999969482422
2020-12-21,24.25,25.15999984741211
2020-12-22,25.239999771118164,24.229999542236328
2020-12-23,23.489999771118164,23.309999465942383
2020-12-24,22.469999313354492,21.530000686645508
2020-12-28,22.110000610351562,21.700000762939453
2020-12-29,21.610000610351562,23.079999923706055
2020-12-30,22.579999923706055,22.770000457763672
2020-12-31,22.989999771118164,22.75
2021-01-04,23.040000915527344,26.969999313354492
2021-01-05,26.940000534057617,25.34000015258789
2021-01-06,25.479999542236328,25.06999969482422
2021-01-07,23.670000076293945,22.3700008392334
2021-01-08,22.43000030517578,21.559999465942383
2021-01-11,23.309999465942383,24.079999923706055
2021-01-12,23.489999771118164,23.329999923706055
2021-01-13,23.06999969482422,22.209999084472656
2021-01-14,22.219999313354492,23.25
2021-01-15,23.520000457763672,24.34000015258789
2021-01-19,23.030000686645508,23.239999771118164
2021-01-20,22.81999969482422,21.579999923706055
2021-01-21,21.34000015258789,21.31999969482422
2021-01-22,22.239999771118164,21.90999984741211
2021-01-25,22.309999465942383,23.190000534057617
2021-01-26,23.90999984741211,23.020000457763672
2021-01-27,23.81999969482422,37.209999084472656
2021-01-28,33.25,30.209999084472656
2021-01-29,35.15999984741211,33.09000015258789
2021-02-01,31.450000762939453,30.239999771118164
2021-02-02,28.010000228881836,25.559999465942383
2021-02-03,24.59000015258789,22.90999984741211
2021-02-04,23.440000534057617,21.770000457763672
2021-02-05,21.989999771118164,20.8700008392334
2021-02-08,21.889999389648438,21.239999771118164
2021-02-09,21.56999969482422,21.6299991607666
2021-02-10,21.639999389648438,21.989999771118164
2021-02-11,22.09000015258789,21.25
2021-02-12,21.600000381469727,19.969999313354492
2021-02-16,21.1299991607666,21.459999084472656
2021-02-17,22.020000457763672,21.5
2021-02-18,21.979999542236328,22.489999771118164
2021-02-19,23.100000381469727,22.049999237060547
2021-02-22,24.459999084472656,23.450000762939453
2021-02-23,22.81999969482422,23.110000610351562
2021-02-24,23.760000228881836,21.34000015258789
2021-02-25,21.729999542236328,28.889999389648438
2021-02-26,28.729999542236328,27.950000762939453
2021-03-01,25.200000762939453,23.350000381469727
2021-03-02,23.579999923706055,24.100000381469727
2021-03-03,22.799999237060547,26.670000076293945
2021-03-04,26.520000457763672,28.56999969482422
2021-03-05,29.479999542236328,24.65999984741211
2021-03-08,27.610000610351562,25.469999313354492
2021-03-09,25.110000610351562,24.030000686645508
2021-03-10,23.760000228881836,22.559999465942383
2021-03-11,22.5,21.90999984741211
2021-03-12,22.56999969482422,20.690000534057617
2021-03-15,21.84000015258789,20.030000686645508
2021-03-16,20.139999389648438,19.790000915527344
2021-03-17,20.100000381469727,19.229999542236328
2021-03-18,18.950000762939453,21.579999923706055
2021-03-19,21.43000030517578,20.950000762939453
2021-03-22,21.90999984741211,18.8799991607666
2021-03-23,19.459999084472656,20.299999237060547
2021-03-24,20.639999389648438,21.200000762939453
2021-03-25,20.799999237060547,19.809999465942383
2021-03-26,19.31999969482422,18.860000610351562
2021-03-29,20.399999618530273,20.739999771118164
2021-03-30,20.760000228881836,19.610000610351562
2021-03-31,19.799999237060547,19.399999618530273
2021-04-01,18.600000381469727,17.329999923706055
2021-04-05,18.15999984741211,17.90999984741211
2021-04-06,18.06999969482422,18.1200008392334
2021-04-07,17.989999771118164,17.15999984741211
2021-04-08,16.920000076293945,16.950000762939453
2021-04-09,17.049999237060547,16.690000534057617
2021-04-12,17.43000030517578,16.90999984741211
2021-04-13,16.989999771118164,16.649999618530273
2021-04-14,16.709999084472656,16.989999771118164
2021-04-15,16.780000686645508,16.56999969482422
2021-04-16,16.649999618530273,16.25
2021-04-19,17.040000915527344,17.290000915527344
2021-04-20,17.360000610351562,18.68000030517578
2021-04-21,18.479999542236328,17.5
2021-04-22,17.280000686645508,18.709999084472656
2021-04-23,18.559999465942383,17.329999923706055
2021-04-26,17.940000534057617,17.639999389648438
2021-04-27,17.6200008392334,17.559999465942383
2021-04-28,17.469999313354492,17.280000686645508
2021-04-29,16.8799991607666,17.610000610351562
2021-04-30,17.670000076293945,18.610000610351562
2021-05-03,18.649999618530273,18.309999465942383
2021-05-04,18.15999984741211,19.479999542236328
2021-05-05,18.84000015258789,19.149999618530273
2021-05-06,18.40999984741211,18.389999389648438
2021-05-07,18.450000762939453,16.690000534057617
2021-05-10,17.34000015258789,19.65999984741211
2021-05-11,21.170000076293945,21.84000015258789
2021-05-12,22.420000076293945,27.59000015258789
2021-05-13,26.030000686645508,23.1299991607666
2021-05-14,21.770000457763672,18.809999465942383
2021-05-17,19.889999389648438,19.719999313354492
2021-05-18,18.889999389648438,21.34000015258789
2021-05-19,22.459999084472656,22.18000030517578
2021-05-20,22.329999923706055,20.670000076293945
2021-05-21,20.420000076293945,20.149999618530273
2021-05-24,20.5,18.399999618530273
2021-05-25,18.350000381469727,18.84000015258789
2021-05-26,18.3700008392334,17.360000610351562
2021-05-27,18.030000686645508,16.739999771118164
2021-05-28,16.799999237060547,16.760000228881836
2021-06-01,17.239999771118164,17.899999618530273
2021-06-02,17.860000610351562,17.479999542236328
2021-06-03,17.729999542236328,18.040000915527344
2021-06-04,18.09000015258789,16.420000076293945
2021-06-07,17.34000015258789,16.420000076293945
2021-06-08,16.579999923706055,17.06999969482422
2021-06-09,17.18000030517578,17.889999389648438
2021-06-10,18.18000030517578,16.100000381469727
2021-06-11,16.18000030517578,15.649999618530273
2021-06-14,16.040000915527344,16.389999389648438
2021-06-15,16.270000457763672,17.020000457763672
2021-06-16,16.989999771118164,18.149999618530273
2021-06-17,18.489999771118164,17.75
2021-06-18,16.959999084472656,20.700000762939453
2021-06-21,21.739999771118164,17.889999389648438
2021-06-22,17.90999984741211,16.65999984741211
2021-06-23,16.25,16.31999969482422
2021-06-24,15.989999771118164,15.970000267028809
2021-06-25,16.040000915527344,15.619999885559082
2021-06-28,16.06999969482422,15.760000228881836
2021-06-29,15.6899995803833,16.020000457763672
2021-06-30,16.18000030517578,15.829999923706055
2021-07-01,15.619999885559082,15.479999542236328
2021-07-02,15.529999732971191,15.069999694824219
2021-07-06,15.770000457763672,16.440000534057617
2021-07-07,16.43000030517578,16.200000762939453
2021-07-08,17.739999771118164,19.0
2021-07-09,17.8799991607666,16.18000030517578
2021-07-12,16.850000381469727,16.170000076293945
2021-07-13,16.389999389648438,17.1200008392334
2021-07-14,17.34000015258789,16.329999923706055
2021-07-15,16.700000762939453,17.010000228881836
2021-07-16,16.799999237060547,18.450000762939453
2021-07-19,19.610000610351562,22.5
2021-07-20,20.889999389648438,19.729999542236328
2021-07-21,19.729999542236328,17.90999984741211
2021-07-22,17.59000015258789,17.690000534057617
2021-07-23,16.979999542236328,17.200000762939453
2021-07-26,18.670000076293945,17.579999923706055
2021-07-27,18.6200008392334,19.360000610351562
2021-07-28,19.40999984741211,18.309999465942383
2021-07-29,17.90999984741211,17.700000762939453
2021-07-30,19.690000534057617,18.239999771118164
2021-08-02,18.15999984741211,19.459999084472656
2021-08-03,19.170000076293945,18.040000915527344
2021-08-04,18.229999542236328,17.969999313354492
2021-08-05,17.729999542236328,17.280000686645508
2021-08-06,17.459999084472656,16.149999618530273
2021-08-09,17.1200008392334,16.719999313354492
2021-08-10,16.81999969482422,16.790000915527344
2021-08-11,16.809999465942383,16.170000076293945
2021-08-12,16.329999923706055,15.59000015258789
2021-08-13,15.680000305175781,15.449999809265137
2021-08-16,17.049999237060547,16.1200008392334
2021-08-17,17.309999465942383,17.90999984741211
2021-08-18,17.559999465942383,21.56999969482422
2021-08-19,23.1200008392334,21.670000076293945
2021-08-20,22.739999771118164,18.559999465942383
2021-08-23,18.829999923706055,17.149999618530273
2021-08-24,16.959999084472656,17.219999313354492
2021-08-25,17.420000076293945,16.790000915527344
2021-08-26,17.459999084472656,18.84000015258789
2021-08-27,17.950000762939453,16.389999389648438
2021-08-30,16.770000457763672,16.190000534057617
2021-08-31,15.979999542236328,16.479999542236328
2021-09-01,16.059999465942383,16.110000610351562
2021-09-02,16.270000457763672,16.40999984741211
2021-09-03,16.270000457763672,16.40999984741211
2021-09-07,16.940000534057617,18.139999389648438
2021-09-08,18.969999313354492,17.959999084472656
2021-09-09,19.440000534057617,18.799999237060547
2021-09-10,17.940000534057617,20.950000762939453
2021-09-13,19.639999389648438,19.3700008392334
2021-09-14,19.579999923706055,19.459999084472656
2021-09-15,19.299999237060547,18.18000030517578
2021-09-16,18.40999984741211,18.690000534057617
2021-09-17,18.3700008392334,20.809999465942383
2021-09-20,24.25,25.709999084472656
2021-09-21,23.40999984741211,24.360000610351562
2021-09-22,22.719999313354492,20.8700008392334
2021-09-23,19.90999984741211,18.6299991607666
2021-09-24,19.329999923706055,17.75
2021-09-27,17.780000686645508,18.760000228881836
2021-09-28,19.739999771118164,23.25
2021-09-29,22.06999969482422,22.559999465942383
2021-09-30,21.479999542236328,23.139999389648438
2021-10-01,24.780000686645508,21.100000381469727
2021-10-04,22.899999618530273,22.959999084472656
2021-10-05,22.920000076293945,21.299999237060547
2021-10-06,22.950000762939453,21.0
2021-10-07,20.540000915527344,19.540000915527344
2021-10-08,19.459999084472656,18.770000457763672
2021-10-11,19.93000030517578,20.0
2021-10-12,20.6200008392334,19.850000381469727
2021-10-13,20.139999389648438,18.639999389648438
2021-10-14,18.010000228881836,16.860000610351562
2021-10-15,16.639999389648438,16.299999237060547
2021-10-18,17.290000915527344,16.309999465942383
2021-10-19,16.09000015258789,15.699999809265137
2021-10-20,15.819999694824219,15.489999771118164
2021-10-21,16.059999465942383,15.010000228881836
2021-10-22,15.350000381469727,15.430000305175781
2021-10-25,16.139999389648438,15.239999771118164
2021-10-26,15.020000457763672,15.979999542236328
2021-10-27,15.789999961853027,16.979999542236328
2021-10-28,17.059999465942383,16.530000686645508
2021-10-29,17.399999618530273,16.260000228881836
2021-11-01,16.850000381469727,16.40999984741211
2021-11-02,16.540000915527344,16.030000686645508
2021-11-03,16.110000610351562,15.100000381469727
2021-11-04,15.0600004196167,15.4399995803833
2021-11-05,15.59000015258789,16.479999542236328
2021-11-08,17.229999542236328,17.219999313354492
2021-11-09,17.43000030517578,17.780000686645508
2021-11-10,17.739999771118164,18.729999542236328
2021-11-11,18.34000015258789,17.65999984741211
2021-11-12,17.489999771118164,16.290000915527344
2021-11-15,17.030000686645508,16.489999771118164
2021-11-16,16.860000610351562,16.3700008392334
2021-11-17,16.360000610351562,17.110000610351562
2021-11-18,16.809999465942383,17.59000015258789
2021-11-19,17.360000610351562,17.90999984741211
2021-11-22,18.200000762939453,19.170000076293945
2021-11-23,20.239999771118164,19.3799991607666
2021-11-24,19.170000076293945,18.579999923706055
2021-11-26,26.6200008392334,28.6200008392334
2021-11-29,25.309999465942383,22.959999084472656
2021-11-30,26.229999542236328,27.190000534057617
2021-12-01,24.920000076293945,31.1200008392334
2021-12-02,29.440000534057617,27.950000762939453
2021-12-03,26.950000762939453,30.670000076293945
2021-12-06,28.989999771118164,27.18000030517578
2021-12-07,24.579999923706055,21.889999389648438
2021-12-08,21.739999771118164,19.899999618530273
2021-12-09,20.309999465942383,21.579999923706055
2021-12-10,21.270000457763672,18.690000534057617
2021-12-13,19.290000915527344,20.309999465942383
2021-12-14,19.670000076293945,21.889999389648438
2021-12-15,21.600000381469727,19.290000915527344
2021-12-16,18.559999465942383,20.56999969482422
2021-12-17,20.700000762939453,21.56999969482422
2021-12-20,25.889999389648438,22.8700008392334
2021-12-21,22.280000686645508,21.010000228881836
2021-12-22,21.040000915527344,18.6299991607666
2021-12-23,18.809999465942383,17.959999084472656
2021-12-27,19.3700008392334,17.68000030517578
2021-12-28,17.780000686645508,17.540000915527344
2021-12-29,17.6299991607666,16.950000762939453
2021-12-30,17.299999237060547,17.329999923706055
2021-12-31,17.6299991607666,17.219999313354492
2022-01-03,17.600000381469727,16.600000381469727
2022-01-04,16.56999969482422,16.90999984741211
2022-01-05,17.06999969482422,19.729999542236328
2022-01-06,20.290000915527344,19.610000610351562
2022-01-07,19.850000381469727,18.760000228881836
2022-01-10,19.579999923706055,19.399999618530273
2022-01-11,19.6200008392334,18.40999984741211
2022-01-12,18.170000076293945,17.6200008392334
2022-01-13,18.059999465942383,20.309999465942383
2022-01-14,20.110000610351562,19.190000534057617
2022-01-18,21.18000030517578,22.790000915527344
2022-01-19,23.1200008392334,23.850000381469727
2022-01-20,23.459999084472656,25.59000015258789
2022-01-21,25.3799991607666,28.850000381469727
2022-01-24,28.200000762939453,29.899999618530273
2022-01-25,32.290000915527344,31.15999984741211
2022-01-26,29.350000381469727,31.959999084472656
2022-01-27,32.189998626708984,30.489999771118164
2022-01-28,30.270000457763672,27.65999984741211
2022-01-31,28.360000610351562,24.829999923706055
2022-02-01,24.56999969482422,21.959999084472656
2022-02-02,21.559999465942383,22.09000015258789
2022-02-03,22.6299991607666,24.350000381469727
2022-02-04,23.770000457763672,23.219999313354492
2022-02-07,24.09000015258789,22.860000610351562
2022-02-08,23.09000015258789,21.440000534057617
2022-02-09,21.270000457763672,19.959999084472656
2022-02-10,20.3700008392334,23.90999984741211
2022-02-11,24.389999389648438,27.360000610351562
2022-02-14,29.170000076293945,28.329999923706055
2022-02-15,28.09000015258789,25.700000762939453
2022-02-16,25.190000534057617,24.290000915527344
2022-02-17,24.829999923706055,28.110000610351562
2022-02-18,26.65999984741211,27.75
2022-02-22,31.799999237060547,28.809999465942383
2022-02-23,28.040000915527344,31.020000457763672
2022-02-24,37.5,30.31999969482422
2022-02-25,31.68000030517578,27.59000015258789
2022-02-28,32.439998626708984,30.149999618530273
2022-03-01,29.450000762939453,33.31999969482422
2022-03-02,34.20000076293945,30.739999771118164
2022-03-03,30.520000457763672,30.479999542236328
2022-03-04,31.899999618530273,31.979999542236328
2022-03-07,35.880001068115234,36.45000076293945
2022-03-08,36.189998626708984,35.130001068115234
2022-03-09,33.7400016784668,32.45000076293945
2022-03-10,33.029998779296875,30.229999542236328
2022-03-11,30.43000030517578,30.75
2022-03-14,31.030000686645508,31.770000457763672
2022-03-15,33.130001068115234,29.829999923706055
2022-03-16,29.020000457763672,26.670000076293945
2022-03-17,26.510000228881836,25.670000076293945
2022-03-18,26.360000610351562,23.8700008392334
2022-03-21,25.139999389648438,23.530000686645508
2022-03-22,24.020000457763672,22.940000534057617
2022-03-23,23.040000915527344,23.56999969482422
2022-03-24,23.610000610351562,21.670000076293945
2022-03-25,21.8700008392334,20.809999465942383
2022-03-28,22.139999389648438,19.6299991607666
2022-03-29,19.700000762939453,18.899999618530273
2022-03-30,19.3799991607666,19.329999923706055
2022-03-31,19.68000030517578,20.559999465942383
2022-04-01,20.6200008392334,19.6299991607666
2022-04-04,20.75,18.56999969482422
2022-04-05,18.790000915527344,21.030000686645508
2022-04-06,21.270000457763672,22.100000381469727
2022-04-07,21.969999313354492,21.549999237060547
2022-04-08,21.25,21.15999984741211
2022-04-11,23.09000015258789,24.3700008392334
2022-04-12,24.940000534057617,24.260000228881836
2022-04-13,23.520000457763672,21.81999969482422
2022-04-14,21.719999313354492,22.700000762939453
2022-04-18,24.520000457763672,22.170000076293945
2022-04-19,22.549999237060547,21.3700008392334
2022-04-20,21.1299991607666,20.31999969482422
2022-04-21,20.239999771118164,22.68000030517578
2022-04-22,22.709999084472656,28.209999084472656
2022-04-25,30.040000915527344,27.020000457763672
2022-04-26,27.3799991607666,33.52000045776367
2022-04-27,31.110000610351562,31.600000381469727
2022-04-28,29.90999984741211,29.989999771118164
2022-04-29,28.969999313354492,33.400001525878906
2022-05-02,33.349998474121094,32.34000015258789
2022-05-03,31.760000228881836,29.25
2022-05-04,29.1200008392334,25.420000076293945
2022-05-05,25.969999313354492,31.200000762939453
2022-05-06,32.22999954223633,30.190000534057617
2022-05-09,31.899999618530273,34.75
2022-05-10,33.65999984741211,32.9900016784668
2022-05-11,32.869998931884766,32.560001373291016
2022-05-12,33.7400016784668,31.770000457763672
2022-05-13,31.09000015258789,28.8700008392334
2022-05-16,30.010000228881836,27.469999313354492
2022-05-17,27.06999969482422,26.100000381469727
2022-05-18,26.739999771118164,30.959999084472656
2022-05-19,31.239999771118164,29.350000381469727
2022-05-20,28.780000686645508,29.43000030517578
2022-05-23,28.979999542236328,28.479999542236328
2022-05-24,29.43000030517578,29.450000762939453
2022-05-25,29.329999923706055,28.3700008392334
2022-05-26,28.420000076293945,27.5
2022-05-27,27.5,25.719999313354492
2022-05-31,27.469999313354492,26.190000534057617
2022-06-01,26.049999237060547,25.690000534057617
2022-06-02,25.729999542236328,24.719999313354492
2022-06-03,24.90999984741211,24.790000915527344
2022-06-06,25.3700008392334,25.06999969482422
2022-06-07,25.540000915527344,24.020000457763672
2022-06-08,24.3700008392334,23.959999084472656
2022-06-09,24.290000915527344,26.09000015258789
2022-06-10,26.260000228881836,27.75
2022-06-13,31.3700008392334,34.02000045776367
2022-06-14,33.0099983215332,32.689998626708984
2022-06-15,32.38999938964844,29.6200008392334
2022-06-16,30.350000381469727,32.95000076293945
2022-06-17,32.84000015258789,31.1299991607666
2022-06-21,30.6299991607666,30.190000534057617
2022-06-22,31.450000762939453,28.950000762939453
2022-06-23,29.290000915527344,29.049999237060547
2022-06-24,29.06999969482422,27.229999542236328
2022-06-27,28.299999237060547,26.950000762939453
2022-06-28,26.899999618530273,28.360000610351562
2022-06-29,28.799999237060547,28.15999984741211
2022-06-30,29.420000076293945,28.709999084472656
2022-07-01,29.530000686645508,26.700000762939453
2022-07-05,27.3700008392334,27.540000915527344
2022-07-06,27.84000015258789,26.729999542236328
2022-07-07,26.729999542236328,26.079999923706055
2022-07-08,26.40999984741211,24.639999389648438
2022-07-11,26.420000076293945,26.170000076293945
2022-07-12,27.139999389648438,27.290000915527344
2022-07-13,27.350000381469727,26.81999969482422
2022-07-14,27.469999313354492,26.399999618530273
2022-07-15,26.719999313354492,24.229999542236328
2022-07-18,24.829999923706055,25.299999237060547
2022-07-19,25.1200008392334,24.5
2022-07-20,24.229999542236328,23.8799991607666
2022-07-21,24.06999969482422,23.110000610351562
2022-07-22,23.299999237060547,23.030000686645508
2022-07-25,24.329999923706055,23.360000610351562
2022-07-26,23.950000762939453,24.690000534057617
2022-07-27,24.270000457763672,23.239999771118164
2022-07-28,23.329999923706055,22.329999923706055
2022-07-29,22.1299991607666,21.329999923706055
2022-08-01,22.40999984741211,22.84000015258789
2022-08-02,24.079999923706055,23.93000030517578
2022-08-03,23.860000610351562,21.950000762939453
2022-08-04,22.059999465942383,21.440000534057617
2022-08-05,21.5,21.149999618530273
2022-08-08,21.739999771118164,21.290000915527344
2022-08-09,21.40999984741211,21.770000457763672
2022-08-10,22.280000686645508,19.739999771118164
2022-08-11,19.84000015258789,20.200000762939453
2022-08-12,20.34000015258789,19.530000686645508
2022-08-15,20.739999771118164,19.950000762939453
2022-08-16,20.229999542236328,19.690000534057617
2022-08-17,19.739999771118164,19.899999618530273
2022-08-18,20.510000228881836,19.559999465942383
2022-08-19,20.15999984741211,20.600000381469727
2022-08-22,22.40999984741211,23.799999237060547
2022-08-23,24.1299991607666,24.110000610351562
2022-08-24,24.3700008392334,22.81999969482422
2022-08-25,22.40999984741211,21.780000686645508
2022-08-26,22.06999969482422,25.559999465942383
2022-08-29,26.860000610351562,26.209999084472656
2022-08-30,25.75,26.209999084472656
2022-08-31,25.860000610351562,25.8700008392334
2022-09-01,26.8799991607666,25.559999465942383
2022-09-02,25.510000228881836,25.469999313354492
2022-09-06,25.459999084472656,26.90999984741211
2022-09-07,26.93000030517578,24.639999389648438
2022-09-08,24.700000762939453,23.610000610351562
2022-09-09,23.489999771118164,22.790000915527344
2022-09-12,23.579999923706055,23.8700008392334
2022-09-13,23.670000076293945,27.270000457763672
2022-09-14,26.729999542236328,26.15999984741211
2022-09-15,26.100000381469727,26.270000457763672
2022-09-16,27.469999313354492,26.299999237060547
2022-09-19,27.690000534057617,25.760000228881836
2022-09-20,25.649999618530273,27.15999984741211
2022-09-21,28.030000686645508,27.989999771118164
2022-09-22,28.15999984741211,27.350000381469727
2022-09-23,27.68000030517578,29.920000076293945
2022-09-26,31.739999771118164,32.2599983215332
2022-09-27,31.200000762939453,32.599998474121094
2022-09-28,34.5,30.18000030517578
2022-09-29,31.670000076293945,31.84000015258789
2022-09-30,31.610000610351562,31.6200008392334
2022-10-03,33.0,30.100000381469727
2022-10-04,29.520000457763672,29.06999969482422
2022-10-05,29.360000610351562,28.549999237060547
2022-10-06,28.600000381469727,30.520000457763672
2022-10-07,30.3700008392334,31.360000610351562
2022-10-10,32.93000030517578,32.45000076293945
2022-10-11,33.560001373291016,33.630001068115234
2022-10-12,33.540000915527344,33.56999969482422
2022-10-13,33.599998474121094,31.940000534057617
2022-10-14,31.889999389648438,32.02000045776367
2022-10-17,32.27000045776367,31.3700008392334
2022-10-18,31.100000381469727,30.5
2022-10-19,30.940000534057617,30.760000228881836
2022-10-20,31.299999237060547,29.979999542236328
2022-10-21,30.209999084472656,29.690000534057617
2022-10-24,30.649999618530273,29.850000381469727
2022-10-25,29.799999237060547,28.459999084472656
2022-10-26,28.440000534057617,27.280000686645508
2022-10-27,27.510000228881836,27.389999389648438
2022-10-28,27.43000030517578,25.75
2022-10-31,26.90999984741211,25.8799991607666
2022-11-01,25.959999084472656,25.809999465942383
2022-11-02,26.040000915527344,25.860000610351562
2022-11-03,25.979999542236328,25.299999237060547
2022-11-04,25.6299991607666,24.549999237060547
2022-11-07,25.670000076293945,24.350000381469727
2022-11-08,24.709999084472656,25.540000915527344
2022-11-09,25.34000015258789,26.09000015258789
2022-11-10,26.510000228881836,23.530000686645508
2022-11-11,23.889999389648438,22.520000457763672
2022-11-14,23.989999771118164,23.729999542236328
2022-11-15,23.770000457763672,24.540000915527344
2022-11-16,24.290000915527344,24.110000610351562
2022-11-17,24.049999237060547,23.93000030517578
2022-11-18,24.030000686645508,23.1200008392334
2022-11-21,24.049999237060547,22.360000610351562
2022-11-22,22.59000015258789,21.290000915527344
2022-11-23,21.489999771118164,20.350000381469727
2022-11-25,20.610000610351562,20.5
2022-11-28,22.09000015258789,22.209999084472656
2022-11-29,22.09000015258789,21.889999389648438
2022-11-30,21.700000762939453,20.579999923706055
2022-12-01,20.829999923706055,19.84000015258789
2022-12-02,20.420000076293945,19.059999465942383
2022-12-05,20.299999237060547,20.75
2022-12-06,20.690000534057617,22.170000076293945
2022-12-07,22.31999969482422,22.68000030517578
2022-12-08,22.809999465942383,22.290000915527344
2022-12-09,22.549999237060547,22.829999923706055
2022-12-12,24.399999618530273,25.0
2022-12-13,25.239999771118164,22.549999237060547
2022-12-14,22.829999923706055,21.139999389648438
2022-12-15,21.520000457763672,22.829999923706055
2022-12-16,23.260000228881836,22.6200008392334
2022-12-19,22.6299991607666,22.420000076293945
2022-12-20,23.170000076293945,21.479999542236328
2022-12-21,21.25,20.06999969482422
2022-12-22,20.079999923706055,21.969999313354492
2022-12-23,22.170000076293945,20.8700008392334
2022-12-27,21.670000076293945,21.649999618530273
2022-12-28,21.469999313354492,22.139999389648438
2022-12-29,22.25,21.440000534057617
2022-12-30,21.829999923706055,21.670000076293945
2023-01-03,23.09000015258789,22.899999618530273
2023-01-04,22.93000030517578,22.010000228881836
2023-01-05,22.200000762939453,22.459999084472656
2023-01-06,22.690000534057617,21.1299991607666
2023-01-09,21.75,21.969999313354492
2023-01-10,22.219999313354492,20.579999923706055
2023-01-11,20.799999237060547,21.09000015258789
2023-01-12,21.559999465942383,18.829999923706055
2023-01-13,19.0,18.350000381469727
2023-01-17,19.889999389648438,19.360000610351562
2023-01-18,19.280000686645508,20.34000015258789
2023-01-19,20.43000030517578,20.520000457763672
2023-01-20,20.280000686645508,19.850000381469727
2023-01-23,20.209999084472656,19.809999465942383
2023-01-24,19.889999389648438,19.200000762939453
2023-01-25,19.559999465942383,19.079999923706055
2023-01-26,19.049999237060547,18.729999542236328
2023-01-27,18.899999618530273,18.510000228881836
2023-01-30,19.760000228881836,19.940000534057617
2023-01-31,20.1200008392334,19.399999618530273
2023-02-01,19.6200008392334,17.8700008392334
2023-02-02,17.739999771118164,18.729999542236328
2023-02-03,18.56999969482422,18.329999923706055
2023-02-06,19.229999542236328,19.43000030517578
2023-02-07,19.540000915527344,18.65999984741211
2023-02-08,18.8799991607666,19.6299991607666
2023-02-09,19.239999771118164,20.709999084472656
2023-02-10,20.739999771118164,20.530000686645508
2023-02-13,21.65999984741211,20.34000015258789
2023-02-14,20.719999313354492,18.90999984741211
2023-02-15,19.3700008392334,18.229999542236328
2023-02-16,18.260000228881836,20.170000076293945
2023-02-17,20.940000534057617,20.020000457763672
2023-02-21,21.799999237060547,22.8700008392334
2023-02-22,23.030000686645508,22.290000915527344
2023-02-23,21.959999084472656,21.139999389648438
2023-02-24,21.350000381469727,21.670000076293945
2023-02-27,21.989999771118164,20.950000762939453
2023-02-28,21.299999237060547,20.700000762939453
2023-03-01,20.389999389648438,20.579999923706055
2023-03-02,21.40999984741211,19.59000015258789
2023-03-03,19.760000228881836,18.489999771118164
2023-03-06,19.049999237060547,18.610000610351562
2023-03-07,18.639999389648438,19.59000015258789
2023-03-08,19.709999084472656,19.110000610351562
2023-03-09,19.329999923706055,22.610000610351562
2023-03-10,23.34000015258789,24.799999237060547
2023-03-13,24.049999237060547,26.520000457763672
2023-03-14,26.850000381469727,23.729999542236328
2023-03-15,23.209999084472656,26.139999389648438
2023-03-16,26.190000534057617,22.989999771118164
2023-03-17,22.920000076293945,25.510000228881836
2023-03-20,27.770000457763672,24.149999618530273
2023-03-21,24.15999984741211,21.3799991607666
2023-03-22,21.799999237060547,22.260000228881836
2023-03-23,21.540000915527344,22.610000610351562
2023-03-24,22.110000610351562,21.739999771118164
2023-03-27,22.049999237060547,20.600000381469727
2023-03-28,20.530000686645508,19.969999313354492
2023-03-29,19.389999389648438,19.1200008392334
2023-03-30,19.1200008392334,19.020000457763672
2023-03-31,19.209999084472656,18.700000762939453
2023-04-03,19.790000915527344,18.549999237060547
2023-04-04,18.790000915527344,19.0
2023-04-05,19.420000076293945,19.079999923706055
2023-04-06,19.299999237060547,18.399999618530273
2023-04-10,19.389999389648438,18.969999313354492
2023-04-11,19.079999923706055,19.100000381469727
2023-04-12,19.3799991607666,19.09000015258789
2023-04-13,18.829999923706055,17.799999237060547
2023-04-14,17.940000534057617,17.06999969482422
2023-04-17,17.579999923706055,16.950000762939453
2023-04-18,16.940000534057617,16.829999923706055
2023-04-19,17.299999237060547,16.459999084472656
2023-04-20,16.850000381469727,17.170000076293945
2023-04-21,17.510000228881836,16.770000457763672
2023-04-24,18.219999313354492,16.889999389648438
2023-04-25,17.6200008392334,18.760000228881836
2023-04-26,18.65999984741211,18.84000015258789
2023-04-27,18.43000030517578,17.030000686645508
2023-04-28,17.209999084472656,15.779999732971191
2023-05-01,16.40999984741211,16.079999923706055
2023-05-02,16.270000457763672,17.780000686645508
2023-05-03,17.81999969482422,18.34000015258789
2023-05-04,19.170000076293945,20.09000015258789
2023-05-05,19.5,17.190000534057617
2023-05-08,17.729999542236328,16.979999542236328
2023-05-09,17.290000915527344,17.709999084472656
2023-05-10,17.579999923706055,16.940000534057617
2023-05-11,16.799999237060547,16.93000030517578
2023-05-12,16.829999923706055,17.030000686645508
2023-05-15,17.440000534057617,17.1200008392334
2023-05-16,17.540000915527344,17.989999771118164
2023-05-17,17.959999084472656,16.8700008392334
2023-05-18,16.920000076293945,16.049999237060547
2023-05-19,16.1299991607666,16.809999465942383
2023-05-22,17.450000762939453,17.209999084472656
2023-05-23,17.350000381469727,18.530000686645508
2023-05-24,18.799999237060547,20.030000686645508
2023-05-25,19.540000915527344,19.139999389648438
2023-05-26,19.06999969482422,17.950000762939453
2023-05-30,17.559999465942383,17.459999084472656
2023-05-31,18.040000915527344,17.940000534057617
2023-06-01,17.239999771118164,15.649999618530273
2023-06-02,15.649999618530273,14.600000381469727
2023-06-05,15.279999732971191,14.729999542236328
2023-06-06,14.90999984741211,13.960000038146973
2023-06-07,14.140000343322754,13.9399995803833
2023-06-08,14.140000343322754,13.649999618530273
2023-06-09,13.779999732971191,13.829999923706055
2023-06-12,14.4399995803833,15.010000228881836
2023-06-13,14.989999771118164,14.609999656677246
2023-06-14,14.479999542236328,13.880000114440918
2023-06-15,14.09000015258789,14.5
2023-06-16,14.489999771118164,13.539999961853027
2023-06-20,14.359999656677246,13.880000114440918
2023-06-21,13.880000114440918,13.199999809265137
2023-06-22,13.880000114440918,12.90999984741211
2023-06-23,13.239999771118164,13.4399995803833
2023-06-26,14.430000305175781,14.25
2023-06-27,14.109999656677246,13.739999771118164
2023-06-28,13.899999618530273,13.430000305175781
2023-06-29,13.640000343322754,13.539999961853027
2023-06-30,13.510000228881836,13.59000015258789
2023-07-03,13.850000381469727,13.569999694824219
2023-07-05,14.1899995803833,14.180000305175781
2023-07-06,14.850000381469727,15.4399995803833
2023-07-07,15.970000267028809,14.829999923706055
2023-07-10,16.079999923706055,15.069999694824219
2023-07-11,15.020000457763672,14.84000015258789
2023-07-12,14.819999694824219,13.539999961853027
2023-07-13,13.4399995803833,13.609999656677246
2023-07-14,13.720000267028809,13.34000015258789
2023-07-17,13.779999732971191,13.479999542236328
2023-07-18,13.609999656677246,13.300000190734863
2023-07-19,13.319999694824219,13.760000228881836
2023-07-20,13.960000038146973,13.989999771118164
2023-07-21,13.869999885559082,13.600000381469727
2023-07-24,14.289999961853027,13.90999984741211
2023-07-25,14.020000457763672,13.859999656677246
2023-07-26,13.859999656677246,13.1899995803833
2023-07-27,13.140000343322754,14.40999984741211
2023-07-28,14.029999732971191,13.329999923706055
2023-07-31,13.979999542236328,13.630000114440918
2023-08-01,13.75,13.930000305175781
2023-08-02,15.699999809265137,16.09000015258789
2023-08-03,16.770000457763672,15.920000076293945
2023-08-04,16.010000228881836,17.100000381469727
2023-08-07,16.899999618530273,15.770000457763672
2023-08-08,16.280000686645508,15.989999771118164
2023-08-09,15.8100004196167,15.960000038146973
2023-08-10,15.579999923706055,15.850000381469727
2023-08-11,15.529999732971191,14.84000015258789
2023-08-14,15.880000114440918,14.819999694824219
2023-08-15,14.949999809265137,16.459999084472656
2023-08-16,16.540000915527344,16.780000686645508
2023-08-17,16.959999084472656,17.889999389648438
2023-08-18,17.799999237060547,17.299999237060547
2023-08-21,18.030000686645508,17.1299991607666
2023-08-22,16.959999084472656,16.969999313354492
2023-08-23,16.639999389648438,15.979999542236328
2023-08-24,15.569999694824219,17.200000762939453
2023-08-25,17.209999084472656,15.680000305175781
2023-08-28,16.239999771118164,15.079999923706055
2023-08-29,15.079999923706055,14.449999809265137
2023-08-30,14.529999732971191,13.880000114440918
2023-08-31,13.979999542236328,13.569999694824219
2023-09-01,13.5600004196167,13.09000015258789
2023-09-05,14.149999618530273,14.010000228881836
2023-09-06,14.270000457763672,14.449999809265137
2023-09-07,14.8100004196167,14.399999618530273
2023-09-08,14.220000267028809,13.84000015258789
2023-09-11,14.170000076293945,13.800000190734863
2023-09-12,14.020000457763672,14.229999542236328
2023-09-13,14.420000076293945,13.479999542236328
2023-09-14,13.390000343322754,12.819999694824219
2023-09-15,12.699999809265137,13.789999961853027
2023-09-18,14.399999618530273,14.0
2023-09-19,14.109999656677246,14.109999656677246
2023-09-20,14.180000305175781,15.140000343322754
2023-09-21,15.489999771118164,17.540000915527344
2023-09-22,17.309999465942383,17.200000762939453
2023-09-25,17.25,16.899999618530273
2023-09-26,18.030000686645508,18.940000534057617
2023-09-27,18.290000915527344,18.219999313354492
2023-09-28,18.219999313354492,17.34000015258789
2023-09-29,16.8700008392334,17.520000457763672
2023-10-02,17.309999465942383,17.610000610351562
2023-10-03,17.809999465942383,19.780000686645508
2023-10-04,20.719999313354492,18.579999923706055
2023-10-05,18.670000076293945,18.489999771118164
2023-10-06,18.729999542236328,17.450000762939453
2023-10-09,19.540000915527344,17.700000762939453
2023-10-10,17.700000762939453,17.030000686645508
2023-10-11,16.950000762939453,16.09000015258789
2023-10-12,16.079999923706055,16.690000534057617
2023-10-13,16.530000686645508,19.31999969482422
2023-10-16,19.100000381469727,17.209999084472656
2023-10-17,17.40999984741211,17.8799991607666
2023-10-18,18.360000610351562,19.219999313354492
2023-10-19,19.729999542236328,21.399999618530273
2023-10-20,21.59000015258789,21.709999084472656
2023-10-23,21.829999923706055,20.3700008392334
2023-10-24,20.030000686645508,18.969999313354492
2023-10-25,19.389999389648438,20.190000534057617
2023-10-26,21.780000686645508,20.68000030517578
2023-10-27,20.389999389648438,21.270000457763672
2023-10-30,21.1299991607666,19.75
2023-10-31,19.860000610351562,18.139999389648438
2023-11-01,18.020000457763672,16.8700008392334
2023-11-02,16.59000015258789,15.65999984741211
2023-11-03,15.699999809265137,14.90999984741211
2023-11-06,15.390000343322754,14.890000343322754
2023-11-07,15.100000381469727,14.8100004196167
2023-11-08,14.90999984741211,14.449999809265137
2023-11-09,14.609999656677246,15.289999961853027
2023-11-10,15.09000015258789,14.170000076293945
2023-11-13,15.15999984741211,14.760000228881836
2023-11-14,14.829999923706055,14.15999984741211
2023-11-15,14.210000038146973,14.180000305175781
2023-11-16,14.119999885559082,14.319999694824219
2023-11-17,14.180000305175781,13.800000190734863
2023-11-20,14.260000228881836,13.40999984741211
2023-11-21,13.449999809265137,13.350000381469727
2023-11-22,13.079999923706055,12.850000381469727
2023-11-24,13.029999732971191,12.460000038146973
2023-11-27,13.140000343322754,12.6899995803833
2023-11-28,12.779999732971191,12.6899995803833
2023-11-29,12.710000038146973,12.979999542236328
2023-11-30,13.069999694824219,12.920000076293945
2023-12-01,12.9399995803833,12.630000114440918
2023-12-04,13.279999732971191,13.079999923706055
2023-12-05,13.260000228881836,12.850000381469727
2023-12-06,12.779999732971191,12.970000267028809
2023-12-07,13.170000076293945,13.0600004196167
2023-12-08,13.140000343322754,12.350000381469727
2023-12-11,13.050000190734863,12.630000114440918
2023-12-12,12.6899995803833,12.069999694824219
2023-12-13,12.199999809265137,12.1899995803833
2023-12-14,11.960000038146973,12.479999542236328
2023-12-15,12.119999885559082,12.279999732971191
2023-12-18,12.619999885559082,12.5600004196167
2023-12-19,12.600000381469727,12.529999732971191
2023-12-20,12.630000114440918,13.670000076293945
2023-12-21,13.399999618530273,13.649999618530273
2023-12-22,13.720000267028809,13.029999732971191
2023-12-26,13.770000457763672,12.989999771118164
2023-12-27,13.020000457763672,12.430000305175781
2023-12-28,12.4399995803833,12.470000267028809
2023-12-29,12.550000190734863,12.449999809265137
2024-01-02,13.220000267028809,13.199999809265137
2024-01-03,13.350000381469727,14.039999961853027
2024-01-04,13.930000305175781,14.130000114440918
2024-01-05,14.239999771118164,13.350000381469727
2024-01-08,14.0,13.079999923706055
2024-01-09,13.199999809265137,12.760000228881836
2024-01-10,12.859999656677246,12.6899995803833
2024-01-11,12.640000343322754,12.4399995803833
2024-01-12,12.65999984741211,12.699999809265137
2024-01-16,14.119999885559082,13.84000015258789
2024-01-17,14.59000015258789,14.789999961853027
2024-01-18,14.850000381469727,14.130000114440918
2024-01-19,13.800000190734863,13.300000190734863
2024-01-22,13.770000457763672,13.1899995803833
2024-01-23,13.199999809265137,12.550000190734863
2024-01-24,12.65999984741211,13.140000343322754
2024-01-25,13.180000305175781,13.449999809265137
2024-01-26,13.729999542236328,13.260000228881836
2024-01-29,13.979999542236328,13.600000381469727
2024-01-30,13.6899995803833,13.3100004196167
2024-01-31,13.420000076293945,14.350000381469727
2024-02-01,14.210000038146973,13.880000114440918
2024-02-02,13.949999809265137,13.850000381469727
2024-02-05,14.369999885559082,13.670000076293945
2024-02-06,13.569999694824219,13.0600004196167
2024-02-07,13.0600004196167,12.829999923706055
2024-02-08,12.949999809265137,12.789999961853027
2024-02-09,12.789999961853027,12.930000305175781
2024-02-12,13.479999542236328,13.930000305175781
2024-02-13,13.960000038146973,15.850000381469727
2024-02-14,15.380000114440918,14.380000114440918
2024-02-15,14.270000457763672,14.010000228881836
2024-02-16,13.9399995803833,14.239999771118164
2024-02-20,15.09000015258789,15.420000076293945
2024-02-21,15.539999961853027,15.34000015258789
2024-02-22,14.279999732971191,14.539999961853027
2024-02-23,14.3100004196167,13.75
2024-02-26,14.170000076293945,13.739999771118164
2024-02-27,13.630000114440918,13.430000305175781
2024-02-28,13.520000457763672,13.84000015258789
2024-02-29,14.140000343322754,13.399999618530273
2024-03-01,13.34000015258789,13.109999656677246
2024-03-04,13.489999771118164,13.489999771118164
2024-03-05,13.75,14.460000038146973
2024-03-06,14.270000457763672,14.5
2024-03-07,14.979999542236328,14.4399995803833
2024-03-08,14.220000267028809,14.739999771118164
2024-03-11,15.510000228881836,15.220000267028809
2024-03-12,14.970000267028809,13.84000015258789
2024-03-13,13.890000343322754,13.75
2024-03-14,13.619999885559082,14.399999618530273
2024-03-15,14.329999923706055,14.40999984741211
2024-03-18,14.75,14.329999923706055
2024-03-19,14.5,13.819999694824219
2024-03-20,13.829999923706055,13.039999961853027
2024-03-21,12.979999542236328,12.920000076293945
2024-03-22,12.920000076293945,13.0600004196167
2024-03-25,13.670000076293945,13.1899995803833
2024-03-26,13.119999885559082,13.239999771118164
2024-03-27,13.130000114440918,12.779999732971191
2024-03-28,12.930000305175781,13.010000228881836
2024-04-01,13.609999656677246,13.649999618530273
2024-04-02,13.739999771118164,14.609999656677246
2024-04-03,15.0,14.329999923706055
2024-04-04,14.289999961853027,16.350000381469727
2024-04-05,16.450000762939453,16.030000686645508
2024-04-08,16.239999771118164,15.1899995803833
2024-04-09,15.34000015258789,14.979999542236328
2024-04-10,15.239999771118164,15.800000190734863
2024-04-11,16.020000457763672,14.90999984741211
2024-04-12,14.90999984741211,17.309999465942383
2024-04-15,16.940000534057617,19.229999542236328
2024-04-16,19.489999771118164,18.399999618530273
2024-04-17,18.239999771118164,18.209999084472656
2024-04-18,17.90999984741211,18.0
2024-04-19,21.329999923706055,18.709999084472656
2024-04-22,18.59000015258789,16.940000534057617
2024-04-23,16.719999313354492,15.6899995803833
2024-04-24,15.760000228881836,15.970000267028809
2024-04-25,16.25,15.369999885559082
2024-04-26,15.489999771118164,15.029999732971191
2024-04-29,15.369999885559082,14.670000076293945
2024-04-30,14.819999694824219,15.649999618530273
2024-05-01,15.75,15.390000343322754
2024-05-02,15.140000343322754,14.680000305175781
2024-05-03,14.510000228881836,13.489999771118164
2024-05-06,13.979999542236328,13.489999771118164
2024-05-07,13.520000457763672,13.229999542236328
2024-05-08,13.239999771118164,13.0
2024-05-09,13.079999923706055,12.6899995803833
2024-05-10,12.770000457763672,12.550000190734863
2024-05-13,13.260000228881836,13.600000381469727
2024-05-14,13.710000038146973,13.420000076293945
2024-05-15,13.729999542236328,12.449999809265137
2024-05-16,12.520000457763672,12.420000076293945
2024-05-17,12.279999732971191,11.989999771118164
2024-05-20,12.270000457763672,12.149999618530273
2024-05-21,12.300000190734863,11.859999656677246
2024-05-22,12.050000190734863,12.289999961853027
2024-05-23,11.529999732971191,12.770000457763672
2024-05-24,12.859999656677246,11.930000305175781
2024-05-28,12.510000228881836,12.920000076293945
2024-05-29,13.75,14.279999732971191
2024-05-30,14.819999694824219,14.470000267028809
2024-05-31,14.5,12.920000076293945
2024-06-03,13.079999923706055,13.109999656677246
2024-06-04,13.510000228881836,13.15999984741211
2024-06-05,13.140000343322754,12.630000114440918
2024-06-06,12.75,12.579999923706055
2024-06-07,12.6899995803833,12.220000267028809
2024-06-10,13.09000015258789,12.739999771118164
2024-06-11,12.850000381469727,12.850000381469727
2024-06-12,13.100000381469727,12.039999961853027
2024-06-13,12.050000190734863,11.9399995803833
2024-06-14,12.220000267028809,12.65999984741211
2024-06-17,13.069999694824219,12.75
2024-06-18,12.699999809265137,12.300000190734863
2024-06-20,12.5,13.279999732971191
2024-06-21,13.220000267028809,13.199999809265137
2024-06-24,13.850000381469727,13.329999923706055
2024-06-25,13.479999542236328,12.84000015258789
2024-06-26,12.8100004196167,12.550000190734863
2024-06-27,12.6899995803833,12.239999771118164
2024-06-28,12.239999771118164,12.4399995803833
2024-07-01,12.979999542236328,12.220000267028809
2024-07-02,12.670000076293945,12.029999732971191
2024-07-03,12.130000114440918,12.09000015258789
2024-07-05,12.369999885559082,12.479999542236328
2024-07-08,12.90999984741211,12.369999885559082
2024-07-09,12.479999542236328,12.510000228881836
2024-07-10,12.510000228881836,12.850000381469727
2024-07-11,12.880000114440918,12.920000076293945
2024-07-12,12.869999885559082,12.460000038146973
2024-07-15,12.779999732971191,13.119999885559082
2024-07-16,13.380000114440918,13.1899995803833
2024-07-17,13.600000381469727,14.479999542236328
2024-07-18,14.270000457763672,15.930000305175781
2024-07-19,16.440000534057617,16.520000457763672
2024-07-22,16.790000915527344,14.90999984741211
2024-07-23,15.210000038146973,14.720000267028809
2024-07-24,15.350000381469727,18.040000915527344
2024-07-25,18.40999984741211,18.459999084472656
2024-07-26,17.969999313354492,16.389999389648438
2024-07-29,16.59000015258789,16.600000381469727
2024-07-30,16.639999389648438,17.690000534057617
2024-07-31,16.65999984741211,16.360000610351562
2024-08-01,16.200000762939453,18.59000015258789
2024-08-02,20.520000457763672,23.389999389648438
2024-08-05,23.389999389648438,38.56999969482422
2024-08-06,33.709999084472656,27.709999084472656
2024-08-07,24.770000457763672,27.850000381469727
2024-08-08,28.34000015258789,23.790000915527344
2024-08-09,23.780000686645508,20.3700008392334
2024-08-12,20.790000915527344,20.709999084472656
2024-08-13,20.059999465942383,18.1200008392334
2024-08-14,18.40999984741211,16.190000534057617
2024-08-15,16.270000457763672,15.229999542236328
2024-08-16,15.289999961853027,14.800000190734863
2024-08-19,15.9399995803833,14.649999618530273
2024-08-20,14.890000343322754,15.880000114440918
2024-08-21,16.25,16.270000457763672
2024-08-22,16.270000457763672,17.549999237060547
2024-08-23,17.1200008392334,15.859999656677246
2024-08-26,16.270000457763672,16.149999618530273
2024-08-27,16.209999084472656,15.430000305175781
2024-08-28,15.510000228881836,17.110000610351562
2024-08-29,16.540000915527344,15.649999618530273
2024-08-30,15.670000076293945,15.0
2024-09-03,15.760000228881836,20.719999313354492
2024-09-04,23.200000762939453,21.31999969482422
2024-09-05,20.75,19.899999618530273
2024-09-06,21.979999542236328,22.3799991607666
2024-09-09,21.31999969482422,19.450000762939453
2024-09-10,19.860000610351562,19.079999923706055
2024-09-11,19.40999984741211,17.690000534057617
2024-09-12,17.6200008392334,17.06999969482422
2024-09-13,17.030000686645508,16.559999465942383
2024-09-16,17.15999984741211,17.139999389648438
2024-09-17,17.15999984741211,17.610000610351562
2024-09-18,17.579999923706055,18.229999542236328
2024-09-19,17.209999084472656,16.329999923706055
2024-09-20,16.350000381469727,16.149999618530273
2024-09-23,16.709999084472656,15.890000343322754
2024-09-24,15.869999885559082,15.390000343322754
2024-09-25,15.819999694824219,15.40999984741211
2024-09-26,15.0600004196167,15.369999885559082
2024-09-27,15.640000343322754,16.959999084472656
2024-09-30,17.010000228881836,16.729999542236328
2024-10-01,16.959999084472656,19.260000228881836
2024-10-02,19.649999618530273,18.899999618530273
2024-10-03,19.6299991607666,20.489999771118164
2024-10-04,20.479999542236328,19.209999084472656
2024-10-07,20.760000228881836,22.639999389648438
2024-10-08,22.920000076293945,21.420000076293945
2024-10-09,21.979999542236328,20.860000610351562
2024-10-10,20.90999984741211,20.93000030517578
2024-10-11,20.8700008392334,20.459999084472656
2024-10-14,20.860000610351562,19.700000762939453
2024-10-15,19.610000610351562,20.639999389648438
2024-10-16,20.770000457763672,19.579999923706055
2024-10-17,19.549999237060547,19.110000610351562
2024-10-18,19.299999237060547,18.030000686645508
2024-10-21,18.780000686645508,18.3700008392334
2024-10-22,18.790000915527344,18.200000762939453
2024-10-23,18.209999084472656,19.239999771118164
2024-10-24,18.8700008392334,19.079999923706055
2024-10-25,19.219999313354492,20.329999923706055
2024-10-28,19.110000610351562,19.799999237060547
2024-10-29,19.75,19.34000015258789
2024-10-30,19.329999923706055,20.350000381469727
2024-10-31,21.440000534057617,23.15999984741211
2024-11-01,22.959999084472656,21.8799991607666
2024-11-04,22.5,21.979999542236328
2024-11-05,21.979999542236328,20.489999771118164
2024-11-06,16.059999465942383,16.270000457763672
2024-11-07,15.859999656677246,15.199999809265137
2024-11-08,15.130000114440918,14.9399995803833
2024-11-11,15.329999923706055,14.970000267028809
2024-11-12,15.09000015258789,14.710000038146973
2024-11-13,15.09000015258789,14.020000457763672
2024-11-14,14.170000076293945,14.3100004196167
2024-11-15,15.020000457763672,16.139999389648438
2024-11-18,16.600000381469727,15.579999923706055
2024-11-19,15.4399995803833,16.350000381469727
2024-11-20,16.190000534057617,17.15999984741211
2024-11-21,17.100000381469727,16.8700008392334
2024-11-22,16.670000076293945,15.239999771118164
2024-11-25,15.229999542236328,14.600000381469727
2024-11-26,14.949999809265137,14.100000381469727
2024-11-27,14.279999732971191,14.100000381469727
2024-11-29,14.0,13.510000228881836
2024-12-02,14.079999923706055,13.34000015258789
2024-12-03,13.380000114440918,13.300000190734863
2024-12-04,13.15999984741211,13.449999809265137
2024-12-05,13.460000038146973,13.539999961853027
2024-12-06,13.619999885559082,12.770000457763672
2024-12-09,13.359999656677246,14.1899995803833
2024-12-10,14.300000190734863,14.180000305175781
2024-12-11,14.420000076293945,13.579999923706055
2024-12-12,13.729999542236328,13.920000076293945
2024-12-13,13.569999694824219,13.8100004196167
2024-12-16,14.369999885559082,14.6899995803833
2024-12-17,14.979999542236328,15.869999885559082
2024-12-18,15.569999694824219,27.6200008392334
2024-12-19,21.610000610351562,24.09000015258789
2024-12-20,24.139999389648438,18.360000610351562
2024-12-23,18.09000015258789,16.780000686645508
2024-12-24,16.969999313354492,14.270000457763672
2024-12-26,14.989999771118164,14.729999542236328
2024-12-27,15.380000114440918,15.949999809265137
2024-12-30,17.209999084472656,17.399999618530273
2024-12-31,17.389999389648438,17.350000381469727
2025-01-02,17.209999084472656,17.93000030517578
2025-01-03,17.65999984741211,16.1299991607666
2025-01-06,16.770000457763672,16.040000915527344
2025-01-07,16.479999542236328,17.81999969482422
2025-01-08,17.90999984741211,17.700000762939453
2025-01-10,18.290000915527344,19.540000915527344
2025-01-13,21.18000030517578,19.190000534057617
2025-01-14,18.790000915527344,18.709999084472656
2025-01-15,19.079999923706055,16.1200008392334
2025-01-16,15.869999885559082,16.600000381469727
2025-01-17,16.190000534057617,15.970000267028809
2025-01-21,16.290000915527344,15.0600004196167
2025-01-22,14.890000343322754,15.100000381469727
2025-01-23,15.279999732971191,15.020000457763672
2025-01-24,15.020000457763672,14.850000381469727
2025-01-27,18.829999923706055,17.899999618530273
2025-01-28,18.290000915527344,16.40999984741211
2025-01-29,16.420000076293945,16.559999465942383
2025-01-30,15.930000305175781,15.84000015258789
2025-01-31,15.449999809265137,16.43000030517578
2025-02-03,20.360000610351562,18.6200008392334
2025-02-04,18.780000686645508,17.209999084472656
2025-02-05,17.540000915527344,15.770000457763672
2025-02-06,15.880000114440918,15.5
2025-02-07,15.380000114440918,16.540000915527344
2025-02-10,16.579999923706055,15.8100004196167
2025-02-11,16.1299991607666,16.020000457763672
2025-02-12,15.90999984741211,15.890000343322754
2025-02-13,15.970000267028809,15.100000381469727
2025-02-14,15.079999923706055,14.770000457763672
2025-02-18,15.569999694824219,15.350000381469727
2025-02-19,15.140000343322754,15.270000457763672
2025-02-20,15.609999656677246,15.65999984741211
2025-02-21,15.630000114440918,18.209999084472656
2025-02-24,18.079999923706055,18.979999542236328
2025-02-25,19.09000015258789,19.43000030517578
2025-02-26,18.959999084472656,19.100000381469727
2025-02-27,18.25,21.1299991607666
2025-02-28,21.209999084472656,19.6299991607666
2025-03-03,19.829999923706055,22.780000686645508
2025-03-04,22.959999084472656,23.510000228881836
2025-03-05,23.030000686645508,21.93000030517578
2025-03-06,22.600000381469727,24.8700008392334
2025-03-07,24.850000381469727,23.3700008392334
2025-03-10,24.700000762939453,27.860000610351562
2025-03-11,27.940000534057617,26.920000076293945
2025-03-12,26.8799991607666,24.229999542236328
2025-03-13,24.920000076293945,24.65999984741211
2025-03-14,24.350000381469727,21.770000457763672
2025-03-17,22.889999389648438,20.510000228881836
2025-03-18,20.829999923706055,21.700000762939453
2025-03-19,21.84000015258789,19.899999618530273
2025-03-20,19.520000457763672,19.799999237060547
2025-03-21,20.020000457763672,19.280000686645508
2025-03-24,19.1299991607666,17.479999542236328
2025-03-25,17.579999923706055,17.149999618530273
2025-03-26,17.229999542236328,18.329999923706055
2025-03-27,18.360000610351562,18.690000534057617
2025-03-28,19.079999923706055,21.649999618530273
2025-03-31,24.110000610351562,22.280000686645508
2025-04-01,22.059999465942383,21.770000457763672
2025-04-02,22.299999237060547,21.510000228881836
2025-04-03,26.3799991607666,30.020000457763672
2025-04-04,30.1200008392334,45.310001373291016
2025-04-07,60.130001068115234,46.97999954223633
2025-04-08,44.040000915527344,52.33000183105469
2025-04-09,50.97999954223633,33.619998931884766
2025-04-10,34.439998626708984,40.720001220703125
2025-04-11,40.79999923706055,37.560001373291016
2025-04-14,34.7599983215332,30.889999389648438
2025-04-15,30.010000228881836,30.1200008392334
2025-04-16,33.2400016784668,32.63999938964844
2025-04-17,30.790000915527344,29.649999618530273
2025-04-21,32.75,33.81999969482422
2025-04-22,32.61000061035156,30.56999969482422
2025-04-23,28.75,28.450000762939453
2025-04-24,28.690000534057617,26.469999313354492
2025-04-25,26.219999313354492,24.84000015258789
2025-04-28,25.75,25.149999618530273
2025-04-29,24.760000228881836,24.170000076293945
2025-04-30,24.350000381469727,24.700000762939453
2025-05-01,23.940000534057617,24.600000381469727
2025-05-02,23.6299991607666,22.68000030517578
2025-05-05,24.25,23.639999389648438
2025-05-06,23.969999313354492,24.760000228881836
2025-05-07,24.559999465942383,23.549999237060547
2025-05-08,22.84000015258789,22.479999542236328
2025-05-09,22.399999618530273,21.899999618530273
2025-05-12,19.84000015258789,18.389999389648438
2025-05-13,18.690000534057617,18.219999313354492
2025-05-14,18.100000381469727,18.6200008392334
2025-05-15,19.190000534057617,17.829999923706055
2025-05-16,17.959999084472656,17.239999771118164
